<?xml version="1.0" encoding="utf-8"?>
<install version="1.5" type="plugin" group="system" method="upgrade">
    <name>System - jFap</name>
    <author>ItOpen</author>
    <creationDate>2011-05-19</creationDate>
    <copyright>Copyright (C) 2010 ItOpen. All rights reserved.</copyright>
    <license>http://www.fsf.org/licensing/licenses/agpl-3.0.htm GNU/Affero</license>
    <authorEmail>info@itopen.it</authorEmail>
    <authorUrl>www.itopen.org</authorUrl>
    <version>2.1 SVN</version>
    <description>This FAP plugin fix some common XHTML 1.0 strict incompatibilities.</description>
    <files>
        <filename plugin="jfap">jfap.php</filename>
    </files>
    <params>
    </params>
</install>